auto_projectId,auto_repo
520215,test_Cd4h6FyQ
520578,test_DGFWOgeH
520727,test_A1bFVe2D
520861,test_SXJPdxMY
521635,test_VTbS3j4b
521895,test_RwtXRuAd
522092,test_mgRb3in6
522261,test_HwAHI7Us
522469,test_VYJXzWQf
522634,test_tIPS9NZv
522651,test_U25YfS3h
522724,test_NYp9XJP7
522769,test_hJbQTe4J
522868,test_0MYsNsPy
523017,test_T2iuphPQ
523085,test_8USSRVAi
523510,test_Iqjz61St
523770,test_abotIUpd
523796,test_ArJrjPRp
523880,test_YYobfxdD
523886,test_ZirAqmTW
523908,test_jzsjXJP6
525557,test_UiDCe6pY
525580,test_Q7Zbht3s
525801,test_xkUCz4nw
525915,test_HanB7Uyd
526169,test_3gSWwNh3
526184,test_dPqnvOEV
526321,test_AQYaxJpw
526602,test_wPhjB3gD
526660,test_aUC6Tr6v
526736,test_FXJP1QBi
526970,test_TeVlEsPY
527187,test_t564o8AZ
527503,test_kFUttL0f
527630,test_SBy4aD2b
527648,test_Dq9qxcgG
527783,test_6kfvU2iY
527817,test_GN4Wmzd4
527862,test_y6BHqmvd
527959,test_0Oezvtfu
528028,test_SA5f5n1I
528222,test_KC2GFwRy
529132,test_fnkZkevQ
529456,test_CfR82Z3z
529899,test_Omc2kY2b
529959,test_XJ1eQzLp
529980,test_FNjsDL9i
529997,test_eG2GLvGn
530095,test_3C45JJJL
530153,test_X6k8jiUj
530169,test_9YYSQ3Jt
530824,test_16Hk649m
531390,test_fa3ml35I
531454,test_ix6LK1e6
531568,test_vKFH6OGz
531678,test_3xKPFkwu
531748,test_ee5cvMMc
531848,test_AGfwhf45
532100,test_GKAgYayS
662397,test_gykvsuU1
662398,test_0TVMx7ta
662399,test_5Zpghdfg
662400,test_Rf7MDW4h
662401,test_iOpgE7kK
662402,test_H6CpegSq
662403,test_JLiWeKDr
662404,test_1u3VOPIJ
662405,test_vjJ7V3GT
662408,test_Al3fygOX
662409,test_UBU985PL
662410,test_cNvTx7Tr
662411,test_re4r3Y0I
662412,test_26ClrFi2
662413,test_tsmzLlIN
662414,test_ZBXtLyEe
662415,test_dioCHR0X
662416,test_dBrjgl9p
662417,test_n611YINj
662418,test_qyw4S08v
662419,test_HljvkCTi
662420,test_DkhayCUU
662421,test_uhq9W2V3
662422,test_ZcHM39Ta
662423,test_LZwpV31N
662424,test_IpcznfLl
662425,test_SzWvw1fd
662426,test_vLyT194z
662427,test_pDZbs0Ar
662442,test_vKdgduOL
662638,test_p9AEgspi
662639,test_UXVEWGoP
662646,test_oOunMeQd
662690,test_MPsCulua
662692,test_j0a7rzDl
662694,test_eKkQNpQp
662695,test_XJysaGir
662696,test_0CVgq1cH
662705,test_oMRH7Y5L
662706,test_VNiQQoKH
662707,test_IStNcU0B
662709,test_LURdl5zA
662710,test_gb5kBkdw
662711,test_a3GOoS8d
662712,test_xXiYZChb
662713,test_P657nLtD
662714,test_0gyxWNvL
662715,test_xJD1xwAF
662716,test_qqVYTnE4
662717,test_G13inK0G
662718,test_FKQoDdxs
662719,test_W49d0Z4J
662720,test_01TwwXhL
662722,test_NITw7qJu
662723,test_M546dIoB
662724,test_46R0jfNG
662725,test_xk8is5YZ
662726,test_iie5UuqH
662727,test_AhPUqP5y
662728,test_SDcNzq13
662729,test_kUDDM7oL
662730,test_UzqEl5gv
662731,test_jaAfGJXG
662732,test_CHFvTt59
662733,test_S8CvQEEc
662734,test_cFM0rUJZ
662735,test_slphbACz
662736,test_rUZB9fjV
662737,test_lxlailkN
662738,test_tGAfUkbu
662739,test_bjUBzal8
662740,test_ehj7X5h2
662741,test_sq1P5S1U
662742,test_nh2iGw11
662743,test_0du13Jfu
662744,test_cRGtuwNC
662745,test_MZFHn2Pi
662748,test_lIzrJu9q
662749,test_4iOQ4Wks
662750,test_E4lGvoH7
662751,test_uXl4Ibnh
662752,test_h847IG58
662753,test_zqKI7hGU
662754,test_KrGIbFKV
662755,test_VNJ1v9B4
662756,test_RMockLav
662757,test_YY018aYj
662758,test_QfCqgNOG
662759,test_BJiJpW5u
662760,test_Ugn3faoY
662761,test_w8GR4rsR
662762,test_ZgtXcG6r
662763,test_ajyMEEhH
662764,test_NVt2CWrq
662765,test_3C76ct2X
662766,test_R1Ty1pOt
662767,test_1R8rfS5k
662768,test_Pew5kKfa
662769,test_5DSlk9uL
662770,test_x6ozfp8T
662771,test_SC5nkh7S
662772,test_vSaQ03yh
662773,test_OIp611qQ
662774,test_nTFPwDxV
662951,test_eHz3ptBh
662952,test_B6JRbMO0
662953,test_EqfqSUBM
662954,test_TGSvSiP2
662955,test_4Wp1NbBo
662956,test_23llfPPb
662957,test_FR1G65IA
662958,test_7O5N1t5R
662959,test_VyQw60cP
662960,test_DMrlR27A
662961,test_XNuDTUrm
662962,test_sx5rR4Kp
662963,test_MN050wYG
662964,test_c98z1nUz
662965,test_wWvhCQKj
662966,test_6RszC7Yf
662967,test_YmnGCOX2
662968,test_YLnqPLJw
662969,test_CL4s7jqm
662970,test_gOxpEpE2
662971,test_bDCNkJ3c
662972,test_nDOjyFQW
662973,test_3xFTPqOU
662974,test_nqFV2bH8
662975,test_dS8Rt2bO
662976,test_dooHsQZJ
662977,test_M0RZgfV9
662978,test_26PvYO08
662979,test_ZiOb52Iu
662980,test_4bu8nbGy
662981,test_Xpb5844r
662982,test_EwEkppb6
662983,test_eO3FyLTa
662984,test_hQwn1mk6
662985,test_i0N5AhCQ
662986,test_FzhmjLmD
662987,test_yG8u8v5d
662988,test_RTTD7jvn
662989,test_Vx8FSMbk
662990,test_9UYZWQUa
662991,test_EMnQFfRE
662992,test_6j4NEGBP
662993,test_Vd5ThCiD
662994,test_fc8lEZ12
662995,test_4L1zDRFE
662996,test_0BKBHP7I
662997,test_DoOCseYd
662998,test_32WbUMeN
662999,test_aYQfWQmz
663000,test_91VIw1Xu
663001,test_7YUl0zP3
663002,test_lvzA7h1M
663003,test_rflJ46fd
663004,test_0GrIPR32
663005,test_DdJbqRaG
663006,test_fPieP6bx
663007,test_E2T0p925
663008,test_RoB0K2Rk
663009,test_YkZ96sZz
663010,test_XSkM2qJA
663011,test_IJHDNpTI
663012,test_jruqWVjr
663013,test_uSpJzwyj
663014,test_DNQAAu73
663015,test_2uv6f6wj
663016,test_PLcyyHSq
663017,test_CVotC6Wn
663018,test_BQD1UYkI
663019,test_pUk6q9aA
663020,test_4fVwN8CK
663021,test_bW1PE93F
663022,test_p4jEO3NJ
663023,test_Mgif8fI6
663024,test_KOny0SZB
663025,test_e0xY1kGC
663026,test_dkevDbW4
663027,test_jeANbx0d
663028,test_r291Cuvn
663029,test_Azdao2eH
663030,test_Vc4vLW0z
663031,test_RNso7SFq
663032,test_dUx1Gc6b
663033,test_Zg23iWfJ
663034,test_yCtsfXhq
663035,test_qIBC8zv2
663036,test_yzLJQVSR
663037,test_vQ41bC10
663038,test_qTG6OE0S
663039,test_oGjC2q6h
663040,test_pkOsA6g1
663041,test_a0TOA9Ps
663042,test_Vv8b6WT0
663043,test_5svkNKlb
663044,test_Q2a21OPJ
663045,test_UqOZ39af
663046,test_mGiyRUM7
663047,test_2ljb0i5b
663048,test_Ww26coqZ
663049,test_Z147gI32
663050,test_e7o49ah2
